<ImportExportXml xmlns:xsi="http://www.w3.org/2001/XMLSchema-instance">
  <Entities></Entities>
  <Roles></Roles>
  <Workflows></Workflows>
  <FieldSecurityProfiles></FieldSecurityProfiles>
  <Templates />
  <RibbonDiffXml>
    <CustomActions>
      <CustomAction Id="cr2d2.ApplicationRibbon.{!EntityLogicalName}.Button11.Button.CustomAction" Location="Mscrm.Form.{!EntityLogicalName}.MainTab.Workflow.Controls._children" Sequence="10">
        <CommandUIDefinition>
          <FlyoutAnchor Command="MainEdit.Command" Id="cr2d2.ApplicationRibbon.{!EntityLogicalName}.Button11.Button" Image16by16="/_imgs/ribbon/Edit_16.png" Image32by32="/_imgs/ribbon/edit32.png" LabelText="$LocLabels:cr2d2.ApplicationRibbon.Button11.Button.LabelText" Sequence="10" TemplateAlias="o1" ModernImage="Edit">
            <Menu Id="cr2d2.ApplicationRibbon.{!EntityLogicalName}.Button11.Button.Menu">
              <MenuSection Id="cr2d2.ApplicationRibbon.{!EntityLogicalName}.Section12.Section" Sequence="5" DisplayMode="Menu16">
                <Controls Id="cr2d2.ApplicationRibbon.{!EntityLogicalName}.Section12.Section.Controls">
                  <Button Command="EditCommand.Command" Id="cr2d2.ApplicationRibbon.{!EntityLogicalName}.Button14.Button" Image32by32="/_imgs/ribbon/edit32.png" Image16by16="/_imgs/ribbon/Edit_16.png" LabelText="$LocLabels:cr2d2.ApplicationRibbon.Button14.Button.LabelText" Sequence="10" ModernImage="Edit" />
                </Controls>
              </MenuSection>
              <MenuSection Id="cr2d2.ApplicationRibbon.{!EntityLogicalName}.Section13.Section" Sequence="15" DisplayMode="Menu16">
                <Controls Id="cr2d2.ApplicationRibbon.{!EntityLogicalName}.Section13.Section.Controls">
                  <Button Command="EditClassic.Command" Id="cr2d2.ApplicationRibbon.{!EntityLogicalName}.Button6.Button" Image32by32="/_imgs/ribbon/EditForm_32.png" Image16by16="/_imgs/ribbon/formdesign16.png" LabelText="$LocLabels:cr2d2.ApplicationRibbon.Button6.Button.LabelText" Sequence="20" TemplateAlias="o2" ModernImage="FormDesign" />
                </Controls>
              </MenuSection>
            </Menu>
          </FlyoutAnchor>
        </CommandUIDefinition>
      </CustomAction>
    </CustomActions>
    <Templates>
      <RibbonTemplates Id="Mscrm.Templates"></RibbonTemplates>
    </Templates>
    <CommandDefinitions>
      <CommandDefinition Id="EditClassic.Command">
        <EnableRules />
        <DisplayRules />
        <Actions>
          <JavaScriptFunction FunctionName="EditFormClassic" Library="$webresource:remcod_EditForm" />
        </Actions>
      </CommandDefinition>
      <CommandDefinition Id="EditCommand.Command">
        <EnableRules />
        <DisplayRules />
        <Actions>
          <JavaScriptFunction FunctionName="EditForm" Library="$webresource:remcod_EditForm" />
        </Actions>
      </CommandDefinition>
      <CommandDefinition Id="MainEdit.Command">
        <EnableRules>
          <EnableRule Id="PrivilageRule.EnableRule" />
        </EnableRules>
        <DisplayRules />
        <Actions />
      </CommandDefinition>
    </CommandDefinitions>
    <RuleDefinitions>
      <TabDisplayRules />
      <DisplayRules />
      <EnableRules>
        <EnableRule Id="PrivilageRule.EnableRule">
          <CustomRule FunctionName="hasCurrentUserRole" Library="$webresource:remcod_EditForm" Default="true" />
        </EnableRule>
      </EnableRules>
    </RuleDefinitions>
    <LocLabels>
      <LocLabel Id="cr2d2.ApplicationRibbon.Button11.Button.LabelText">
        <Titles>
          <Title description="Edit Form" languagecode="1033" />
        </Titles>
      </LocLabel>
      <LocLabel Id="cr2d2.ApplicationRibbon.Button14.Button.LabelText">
        <Titles>
          <Title description="Modern Edit" languagecode="1033" />
        </Titles>
      </LocLabel>
      <LocLabel Id="cr2d2.ApplicationRibbon.Button6.Button.LabelText">
        <Titles>
          <Title description="Classic Edit" languagecode="1033" />
        </Titles>
      </LocLabel>
    </LocLabels>
  </RibbonDiffXml>
  <EntityMaps />
  <EntityRelationships />
  <OrganizationSettings />
  <optionsets />
  <WebResources>
    <WebResource>
      <WebResourceId>{23da4a17-dd0a-ee11-8f6e-000d3a8edea8}</WebResourceId>
      <Name>remcod_EditForm</Name>
      <DisplayName>EditForm</DisplayName>
      <WebResourceType>3</WebResourceType>
      <IntroducedVersion>1.0.0.0</IntroducedVersion>
      <IsEnabledForMobileClient>0</IsEnabledForMobileClient>
      <IsAvailableForMobileOffline>0</IsAvailableForMobileOffline>
      <DependencyXml>&lt;Dependencies&gt;&lt;Dependency componentType="WebResource"/&gt;&lt;/Dependencies&gt;</DependencyXml>
      <IsCustomizable>1</IsCustomizable>
      <CanBeDeleted>1</CanBeDeleted>
      <IsHidden>0</IsHidden>
      <FileName>/WebResources/remcod_EditForm23DA4A17-DD0A-EE11-8F6E-000D3A8EDEA8</FileName>
    </WebResource>
  </WebResources>
  <CustomControls />
  <EntityDataProviders />
  <Languages>
    <Language>1033</Language>
  </Languages>
</ImportExportXml>